<?xml version="1.0" encoding="UTF-8"?>
<project-private xmlns="http://www.netbeans.org/ns/project-private/1">
    <editor-bookmarks xmlns="http://www.netbeans.org/ns/editor-bookmarks/2" lastBookmarkId="0"/>
    <open-files xmlns="http://www.netbeans.org/ns/projectui-open-files/2">
        <group>
            <file>file:/C:/Users/Daniel%20Richards/Documents/University/SOFT251/Assignment/Repository/SOFT251Assignment/SOFT251Assignment/src/java/Objects/Appointment.java</file>
            <file>file:/C:/Users/Daniel%20Richards/Documents/University/SOFT251/Assignment/Repository/SOFT251Assignment/SOFT251Assignment/web/createAppointment.jsp</file>
            <file>file:/C:/Users/Daniel%20Richards/Documents/University/SOFT251/Assignment/Repository/SOFT251Assignment/SOFT251Assignment/src/java/com/login/CreateMedicineServlet.java</file>
            <file>file:/C:/Users/Daniel%20Richards/Documents/University/SOFT251/Assignment/Repository/SOFT251Assignment/SOFT251Assignment/src/java/Users/Doctor.java</file>
            <file>file:/C:/Users/Daniel%20Richards/Documents/University/SOFT251/Assignment/Repository/SOFT251Assignment/SOFT251Assignment/src/java/com/login/CreateAppointmentServlet.java</file>
            <file>file:/C:/Users/Daniel%20Richards/Documents/University/SOFT251/Assignment/Repository/SOFT251Assignment/SOFT251Assignment/web/rateDoctor.jsp</file>
            <file>file:/C:/Users/Daniel%20Richards/Documents/University/SOFT251/Assignment/Repository/SOFT251Assignment/SOFT251Assignment/src/java/com/login/CreateUserServlet.java</file>
        </group>
    </open-files>
</project-private>
